{
    "temporal_patterns": {
        "cluster_1": {
            "mean_level": 0.11585831942061758,
            "peak_level": 0.21891124471949702,
            "duration": 102
        },
        "cluster_2": {
            "mean_level": 0.2041626643356282,
            "peak_level": 0.24342586123028107,
            "duration": 51
        },
        "cluster_0": {
            "mean_level": 0.21521507861019243,
            "peak_level": 0.2614109288465115,
            "duration": 45
        },
        "cluster_3": {
            "mean_level": 0.31544761656907755,
            "peak_level": 0.3893630903512916,
            "duration": 62
        },
        "cluster_4": {
            "mean_level": 0.4380066258616474,
            "peak_level": 0.46837455259898186,
            "duration": 31
        }
    },
    "critical_thresholds": {
        "fs-00070": {
            "normal_max": 0.3755115879796965,
            "warning_level": 0.4207125802809811,
            "critical_level": 0.43724031225066257
        },
        "fs-00071": {
            "normal_max": 0.1716490805942515,
            "warning_level": 0.18594136293986735,
            "critical_level": 0.19608077474295796
        },
        "fs-00077": {
            "normal_max": 0.384238939606264,
            "warning_level": 0.41988953874095997,
            "critical_level": 0.4323704876774875
        },
        "fs-00083": {
            "normal_max": 0.7296779716920649,
            "warning_level": 0.7667463439814346,
            "critical_level": 0.7721730866976523
        },
        "fs-00101": {
            "normal_max": 0.5153752953201596,
            "warning_level": 0.588993391181484,
            "critical_level": 0.6007520887601377
        },
        "fs-00073": {
            "normal_max": 0.0390052583419402,
            "warning_level": 0.055456952777404096,
            "critical_level": 0.0675205562731701
        },
        "fs-00100": {
            "normal_max": 1.18944297574604,
            "warning_level": 1.277458118897346,
            "critical_level": 1.292273708769688
        },
        "fs-00096": {
            "normal_max": 2.0188656958500353,
            "warning_level": 2.315678459428638,
            "critical_level": 2.375255935904834
        },
        "fs-00049": {
            "normal_max": 0.010576821622192749,
            "warning_level": 0.01142005429065892,
            "critical_level": 0.011640500844013971
        },
        "fs-00048": {
            "normal_max": 0.008771535925395601,
            "warning_level": 0.009458843562218858,
            "critical_level": 0.010149433420816801
        },
        "fs-00047": {
            "normal_max": 0.0045416661424181,
            "warning_level": 0.005327139283753599,
            "critical_level": 0.006506240155339552
        },
        "fs-00032": {
            "normal_max": 0.5718137898937755,
            "warning_level": 0.5750000194361186,
            "critical_level": 0.5770775865372669
        },
        "fs-00031": {
            "normal_max": 0.00601775461212115,
            "warning_level": 0.006405127042717019,
            "critical_level": 0.006590394979877634
        }
    },
    "sensor_weights": {
        "fs-00070": {
            "variance_weight": 0.016180565539346603,
            "correlation_weight": 0.3058602099091981
        },
        "fs-00071": {
            "variance_weight": 0.00436876065270998,
            "correlation_weight": 0.3363875111264317
        },
        "fs-00077": {
            "variance_weight": 0.0251451995954063,
            "correlation_weight": 0.30723196182051643
        },
        "fs-00083": {
            "variance_weight": 0.10380418053429108,
            "correlation_weight": 0.31283189738277317
        },
        "fs-00101": {
            "variance_weight": 0.045503451056493296,
            "correlation_weight": 0.3916634685410514
        },
        "fs-00073": {
            "variance_weight": 0.0001877156497788289,
            "correlation_weight": 0.395915783655867
        },
        "fs-00100": {
            "variance_weight": 0.19529651130146042,
            "correlation_weight": 0.3701374995018231
        },
        "fs-00096": {
            "variance_weight": 0.536898754225166,
            "correlation_weight": -0.0380695188988589
        },
        "fs-00049": {
            "variance_weight": 1.0129463348723878e-05,
            "correlation_weight": 0.14071203391266535
        },
        "fs-00048": {
            "variance_weight": 9.102945546763801e-06,
            "correlation_weight": 0.2405534639138231
        },
        "fs-00047": {
            "variance_weight": 3.983329356482283e-06,
            "correlation_weight": 0.23880782356658117
        },
        "fs-00032": {
            "variance_weight": 0.07258543591720291,
            "correlation_weight": 0.03995416257414363
        },
        "fs-00031": {
            "variance_weight": 6.209789892688011e-06,
            "correlation_weight": 0.016604620956081114
        }
    },
    "validation_periods": [
        {
            "start": "2023-09-29 09:35:00",
            "duration": "1H"
        },
        {
            "start": "2023-09-29 09:40:00",
            "duration": "1H"
        },
        {
            "start": "2023-09-29 09:45:00",
            "duration": "1H"
        },
        {
            "start": "2023-09-29 09:50:00",
            "duration": "1H"
        },
        {
            "start": "2023-09-29 09:55:00",
            "duration": "1H"
        },
        {
            "start": "2023-09-29 10:00:00",
            "duration": "1H"
        },
        {
            "start": "2023-09-29 10:05:00",
            "duration": "1H"
        },
        {
            "start": "2023-09-29 10:10:00",
            "duration": "1H"
        },
        {
            "start": "2023-09-29 10:15:00",
            "duration": "1H"
        },
        {
            "start": "2023-09-29 10:20:00",
            "duration": "1H"
        },
        {
            "start": "2023-09-29 10:25:00",
            "duration": "1H"
        },
        {
            "start": "2023-09-29 10:30:00",
            "duration": "1H"
        },
        {
            "start": "2023-09-29 10:35:00",
            "duration": "1H"
        },
        {
            "start": "2023-09-29 10:40:00",
            "duration": "1H"
        },
        {
            "start": "2023-09-29 10:45:00",
            "duration": "1H"
        },
        {
            "start": "2023-09-29 10:50:00",
            "duration": "1H"
        },
        {
            "start": "2023-09-29 10:55:00",
            "duration": "1H"
        },
        {
            "start": "2023-09-29 11:00:00",
            "duration": "1H"
        },
        {
            "start": "2023-09-29 11:05:00",
            "duration": "1H"
        },
        {
            "start": "2023-09-29 11:10:00",
            "duration": "1H"
        },
        {
            "start": "2023-09-29 11:15:00",
            "duration": "1H"
        },
        {
            "start": "2023-09-29 11:20:00",
            "duration": "1H"
        },
        {
            "start": "2023-09-29 11:25:00",
            "duration": "1H"
        },
        {
            "start": "2023-09-29 11:30:00",
            "duration": "1H"
        },
        {
            "start": "2023-09-29 11:35:00",
            "duration": "1H"
        },
        {
            "start": "2023-09-29 11:40:00",
            "duration": "1H"
        },
        {
            "start": "2023-09-29 11:45:00",
            "duration": "1H"
        },
        {
            "start": "2023-09-29 11:50:00",
            "duration": "1H"
        },
        {
            "start": "2023-09-29 11:55:00",
            "duration": "1H"
        }
    ]
}